{"has_child":1,"home_url":"https:\/\/stedh.cm2s-serveur.tech","root_flag":"custom","php_version":"8.3.28","mysql_version":"10.11.14","wp_version":"6.9","child_file":{"stedh.cm2s-serveur.tech_wpvivid-a00ed16ccb292_2025-12-30-22-23_backup_db.zip":{"files":["stedh.cm2s-serveur.tech_wpvivid-a00ed16ccb292_2025-12-30-22-23_backup_db.sql"],"tables":[{"name":"wp_frmt_form_reports","size":16384,"rows":"0"},{"name":"wp_actionscheduler_claims","size":32768,"rows":"0"},{"name":"wp_actionscheduler_groups","size":32768,"rows":"2"},{"name":"wp_e_events","size":32768,"rows":"0"},{"name":"wp_grp_google_place","size":32768,"rows":"0"},{"name":"wp_grp_google_stats","size":32768,"rows":"0"},{"name":"wp_links","size":32768,"rows":"0"},{"name":"wp_seopress_content_analysis","size":32768,"rows":"3"},{"name":"wp_term_relationships","size":32768,"rows":"14"},{"name":"wp_actionscheduler_logs","size":49152,"rows":"44"},{"name":"wp_commentmeta","size":49152,"rows":"0"},{"name":"wp_grp_google_review","size":49152,"rows":"9"},{"name":"wp_myobox_clicks","size":49152,"rows":"8"},{"name":"wp_term_taxonomy","size":49152,"rows":"4"},{"name":"wp_termmeta","size":49152,"rows":"0"},{"name":"wp_terms","size":49152,"rows":"4"},{"name":"wp_usermeta","size":49152,"rows":"48"},{"name":"wp_frmt_form_entry_meta","size":65536,"rows":"0"},{"name":"wp_users","size":65536,"rows":"2"},{"name":"wp_frmt_form_views","size":81920,"rows":"3"},{"name":"wp_comments","size":98304,"rows":"0"},{"name":"wp_frmt_form_entry","size":98304,"rows":"0"},{"name":"wp_actionscheduler_actions","size":131072,"rows":"18"},{"name":"wp_options","size":2621440,"rows":"324"},{"name":"wp_posts","size":24526848,"rows":"718"},{"name":"wp_postmeta","size":38780928,"rows":"5201"}],"dump_db":1,"file_type":"databases","home_url":"https:\/\/stedh.cm2s-serveur.tech","root_flag":"custom","php_version":"8.3.28","mysql_version":"10.11.14","wp_version":"6.9","find_zero_date":1,"file":"stedh.cm2s-serveur.tech_wpvivid-a00ed16ccb292_2025-12-30-22-23_backup_db.part001.zip"},"stedh.cm2s-serveur.tech_wpvivid-a00ed16ccb292_2025-12-30-22-23_backup_themes.zip":{"file_type":"themes","root_flag":"wp-content","php_version":"8.3.28","mysql_version":"10.11.14","wp_version":"6.9","themes":{"astra-1766563083-via-wpmarmite":{"slug":"astra-1766563083-via-wpmarmite"},"astra":{"slug":"astra"},"hello-elementor":{"slug":"hello-elementor"},"twentytwentyfive":{"slug":"twentytwentyfive"},"twentytwentyfour":{"slug":"twentytwentyfour"},"twentytwentythree":{"slug":"twentytwentythree"},"twentytwentytwo":{"slug":"twentytwentytwo"}},"file":"stedh.cm2s-serveur.tech_wpvivid-a00ed16ccb292_2025-12-30-22-23_backup_themes.part001.zip"},"stedh.cm2s-serveur.tech_wpvivid-a00ed16ccb292_2025-12-30-22-23_backup_plugin.zip":{"file_type":"plugin","root_flag":"wp-content","php_version":"8.3.28","mysql_version":"10.11.14","wp_version":"6.9","plugin":{"akismet":{"slug":"akismet"},"client-oboxia-access-manager1.0.0":{"slug":"client-oboxia-access-manager1.0.0"},"custom-login-pro":{"slug":"custom-login-pro"},"elementor":{"slug":"elementor"},"essential-addons-for-elementor-lite":{"slug":"essential-addons-for-elementor-lite"},"forminator":{"slug":"forminator"},"myobox1.0.0":{"slug":"myobox1.0.0"},"widget-google-reviews":{"slug":"widget-google-reviews"},"wp-seopress":{"slug":"wp-seopress"},"404page":{"slug":"404page"},"header-footer-elementor":{"slug":"header-footer-elementor"},"wps-hide-login":{"slug":"wps-hide-login"}},"file":"stedh.cm2s-serveur.tech_wpvivid-a00ed16ccb292_2025-12-30-22-23_backup_plugin.part001.zip"},"stedh.cm2s-serveur.tech_wpvivid-a00ed16ccb292_2025-12-30-22-23_backup_uploads.zip":{"file_type":"upload","root_flag":"wp-content","php_version":"8.3.28","mysql_version":"10.11.14","wp_version":"6.9","file":"stedh.cm2s-serveur.tech_wpvivid-a00ed16ccb292_2025-12-30-22-23_backup_uploads.part001.zip"},"stedh.cm2s-serveur.tech_wpvivid-a00ed16ccb292_2025-12-30-22-23_backup_content.zip":{"file_type":"wp-content","root_flag":"wp-content","php_version":"8.3.28","mysql_version":"10.11.14","wp_version":"6.9","file":"stedh.cm2s-serveur.tech_wpvivid-a00ed16ccb292_2025-12-30-22-23_backup_content.part001.zip"},"stedh.cm2s-serveur.tech_wpvivid-a00ed16ccb292_2025-12-30-22-23_backup_core.zip":{"file_type":"wp-core","include_path":["wp-includes","wp-admin"],"wp_core":1,"root_flag":"root","home_url":"https:\/\/stedh.cm2s-serveur.tech","file":"stedh.cm2s-serveur.tech_wpvivid-a00ed16ccb292_2025-12-30-22-23_backup_core.part001.zip"}},"file":"stedh.cm2s-serveur.tech_wpvivid-a00ed16ccb292_2025-12-30-22-23_backup_all.part001.zip"}